id	name	type	description	prerequisites	prerequisite_feats	benefit	normal	special	source	teamwork	critical	grit	style	performance	racial	companion_familiar	race_name	note	goal	completion_benefit	multiple	suggested_traits	choice
0	Acrobatic	General	You are skilled at leaping, jumping, and flying.			You get a +2 bonus on all Acrobatics and Fly skill checks. If you have 10 or more ranks in one of these skills, the bonus increases to +4 for that skill.			PFRPG Core	0	0	0	0	0	0	0					0		NULL
1	Acrobatic Steps	General	You can easily move over and through obstacles.	DEX 15	Nimble Moves	Whenever you move, you may move through up to 15 feet of difficult terrain each round as if it were normal terrain. The effects of this feat stack with those provided by Nimble Moves (allowing you to move normally through a total of 20 feet of difficult terrain each round).			PFRPG Core	0	0	0	0	0	0	0					0		NULL
2	Agile Maneuvers	Combat	You've learned to use your quickness in place of brute force when performing combat maneuvers.			You add your Dexterity bonus to your base attack bonus and size bonus when determining your Combat Maneuver Bonus (see Chapter 8) instead of your Strength bonus.	You add your Strength bonus to your base attack bonus and size bonus when determining your Combat Maneuver Bonus.		PFRPG Core	0	0	0	0	0	0	0					0		NULL
3	Alertness	General	You often notice things that others might miss.			You get a +2 bonus on all Perception and Sense Motive skill checks. If you have 10 or more ranks in one of these skills, the bonus increases to +4 for that skill.			PFRPG Core	0	0	0	0	0	0	0					0		NULL
4	Alignment Channel	General	Choose one alignment subtype: Chaos, Evil, Good, or Law. You can channel divine energy to affect outsiders that possess this subtype.	Channel Energy class feature		Instead of its normal effect, you can choose to have your ability to channel energy heal or harm outsiders of the chosen alignment subtype. You must make this choice each time you channel energy. If you choose to heal or harm creatures of the chosen alignment subtype, your channel energy has no effect on other creatures. The amount of damage healed or dealt and the DC to halve the damage is otherwise unchanged.		You can gain this feat multiple times. Its effects do not stack. Each time you take this feat, it applies to a new alignment subtype. Whenever you channel energy, you must choose which type to effect.	PFRPG Core	0	0	0	0	0	0	0					1		0
5	Animal Affinity	General	You are skilled at working with animals and mounts.			You get a +2 bonus on all Handle Animal and Ride skill checks. If you have 10 or more ranks in one of these skills, the bonus increases to +4 for that skill.			PFRPG Core	0	0	0	0	0	0	0					0		NULL
6	Arcane Armor Mastery	Combat	You have mastered the ability to cast spells while wearing armor.	7th-level Caster	Arcane Armor Training, Medium Armor Proficiency	As a swift action, reduce the arcane spell failure chance due to the armor you are wearing by 20% for any spells you cast this round. This bonus replaces, and does not stack with, the bonus granted by Arcane Armor Training.			PFRPG Core	0	0	0	0	0	0	0					0		NULL
7	Arcane Armor Training	Combat	You have learned how to cast spells while wearing armor.	3rd-level Caster	Light Armor Proficiency	As a swift action, reduce the arcane spell failure chance due to the armor you are wearing by 10% for any spells you cast this round.			PFRPG Core	0	0	0	0	0	0	0					0		NULL
8	Arcane Strike	Combat	You draw upon your arcane power to enhance your weapons with magical energy.	Ability to cast arcane spells		As a swift action, you can imbue your weapons with a fraction of your power. For 1 round, your weapons deal +1 damage and are treated as magic for the purpose of overcoming damage reduction. For every five caster levels you possess, this bonus increases by +1, to a maximum of +5 at 20th level.			PFRPG Core	0	0	0	0	0	0	0					0		NULL
9	Heavy Armor Proficiency	Combat	You are skilled at wearing heavy armor.		Light Armor Proficiency, Medium Armor Proficiency	See Armor Proficiency, Light.	See Armor Proficiency, Light.	Fighters and paladins automatically have Heavy Armor Proficiency as a bonus feat. They need not select it.	PFRPG Core	0	0	0	0	0	0	0					0		NULL
10	Light Armor Proficiency	Combat	You are skilled at wearing light armor.			When you wear a type of armor with which you are proficient, the armor check penalty for that armor applies only to Dexterity- and Strength-based skill checks.	A character who is wearing armor with which he is not proficient applies its armor check penalty to attack rolls and to all skill checks that involve moving.	All characters except monks, sorcerers, and wizards automatically have Light Armor Proficiency as a bonus feat. They need not select it.	PFRPG Core	0	0	0	0	0	0	0					0		NULL
11	Medium Armor Proficiency	Combat	You are skilled at wearing medium armor.		Light Armor Proficiency	See Armor Proficiency, Light.	See Armor Proficiency, Light.	Barbarians, clerics, druids, fighters, paladins, and rangers automatically have Medium Armor Proficiency as a bonus feat. They need not select it.	PFRPG Core	0	0	0	0	0	0	0					0		NULL
12	Athletic	General	You possess inherent physical prowess.			You get a +2 bonus on all Climb and Swim skill checks. If you have 10 or more ranks in one of these skills, the bonus increases to +4 for that skill.			PFRPG Core	0	0	0	0	0	0	0					0		NULL
13	Augment Summoning	General	Your summoned creatures are more powerful and robust.		Spell Focus (conjuration)	Each creature you conjure with any summon spell gains a +4 enhancement bonus to Strength and Constitution for the duration of the spell that summoned it.			PFRPG Core	0	0	0	0	0	0	0					0		NULL
14	Bleeding Critical	Combat	Your critical hits cause opponents to bleed profusely.	base attack bonus +11	Critical Focus	Whenever you score a critical hit with a slashing or piercing weapon, your opponent takes 2d6 points of bleed damage (see Appendix 2) each round on his turn, in addition to the damage dealt by the critical hit. Bleed damage can be stopped by a DC 15 Heal skill check or through any magical healing. The effects of this feat stack.		You can only apply the effects of one critical feat to a given critical hit unless you possess Critical Mastery.	PFRPG Core	0	1	0	0	0	0	0					0		NULL
15	Blind-Fight	Combat	You are skilled at attacking opponents that you cannot clearly perceive.			In melee, every time you miss because of concealment (see Chapter 8), you can reroll your miss chance percentile roll one time to see if you actually hit. An invisible attacker gets no advantages related to hitting you in melee. That is, you don't lose your Dexterity bonus to Armor Class, and the attacker doesn't get the usual +2 bonus for being invisible. The invisible attacker's bonuses do still apply for ranged attacks, however. You do not need to make Acrobatics skill checks to move at full speed while blinded.	Regular attack roll modifiers for invisible attackers trying to hit you apply, and you lose your Dexterity bonus to AC. The speed reduction for darkness and poor visibility also applies.	The Blind-Fight feat is of no use against a character who is the subject of a blink spell.	PFRPG Core	0	0	0	0	0	0	0					0		NULL
16	Blinding Critical	Combat	Your critical hits blind your opponents.	base attack bonus +15	Critical Focus	Whenever you score a critical hit, your opponent is permanently blinded. A successful Fortitude save reduces this to dazzled for 1d4 rounds. The DC of this Fortitude save is equal to 10 + your base attack bonus. This feat has no effect on creatures that do not rely on eyes for sight or creatures with more than two eyes (although multiple critical hits might cause blindness, at the GM's discretion). Blindness can be cured by heal, regeneration, remove blindness, or similar abilities.		You can only apply the effects of one critical feat to a given critical hit unless you possess Critical Mastery.	PFRPG Core	0	1	0	0	0	0	0					0		NULL
17	Brew Potion	Item Creation	You can create magic potions.	3rd-level Caster		You can create a potion of any 3rd-level or lower spell that you know and that targets one or more creatures or objects. Brewing a potion takes 2 hours if its base price is 250 gp or less, otherwise brewing a potion takes 1 day for each 1,000 gp in its base price. When you create a potion, you set the caster level, which must be sufficient to cast the spell in question and no higher than your own level. To brew a potion, you must use up raw materials costing one half this base price. See the magic item creation rules in Chapter 15 for more information. When you create a potion, you make any choices that you would normally make when casting the spell. Whoever drinks the potion is the target of the spell.			PFRPG Core	0	0	0	0	0	0	0					0		NULL
18	Catch Off-Guard	Combat	Foes are surprised by your skilled use of unorthodox and improvised weapons.			You do not suffer any penalties for using an improvised melee weapon. Unarmed opponents are flat-footed against any attacks you make with an improvised melee weapon.	You take a -4 penalty on attack rolls made with an improvised weapon.		PFRPG Core	0	0	0	0	0	0	0					0		NULL
19	Channel Smite	Combat	You can channel your divine energy through a melee weapon you wield.	Channel Energy class feature		Before you make a melee attack roll, you can choose to spend one use of your channel energy ability as a swift action. If you channel positive energy and you hit an undead creature, that creature takes an amount of additional damage equal to the damage dealt by your channel positive energy ability. If you channel negative energy and you hit a living creature, that creature takes an amount of additional damage equal to the damage dealt by your channel negative energy ability. Your target can make a Will save, as normal, to halve this additional damage. If your attack misses, the channel energy ability is still expended with no effect.			PFRPG Core	0	0	0	0	0	0	0					0		NULL
20	Cleave	Combat	You can strike two adjacent foes with a single swing.	STR 13, base attack bonus +1	Power Attack	As a standard action, you can make a single attack at your full base attack bonus against a foe within reach. If you hit, you deal damage normally and can make an additional attack (using your full base attack bonus) against a foe that is adjacent to the first and also within reach. You can only make one additional attack per round with this feat. When you use this feat, you take a -2 penalty to your Armor Class until your next turn.			PFRPG Core	0	0	0	0	0	0	0					0		NULL
21	Combat Casting	General	You are adept at spellcasting when threatened or distracted.			You get a +4 bonus on concentration checks made to cast a spell or use a spell-like ability when casting on the defensive or while grappled.			PFRPG Core	0	0	0	0	0	0	0					0		NULL
22	Combat Expertise	Combat	You can increase your defense at the expense of your accuracy.	INT 13		You can choose to take a -1 penalty on melee attack rolls and combat maneuver checks to gain a +1 dodge bonus to your Armor Class. When your base attack bonus reaches +4, and every +4 thereafter, the penalty increases by -1 and the dodge bonus increases by +1. You can only choose to use this feat when you declare that you are making an attack or a full-attack action with a melee weapon. The effects of this feat last until your next turn.			PFRPG Core	0	0	0	0	0	0	0					0		NULL
23	Combat Reflexes	Combat	You can make additional attacks of opportunity.			You may make a number of additional attacks of opportunity per round equal to your Dexterity bonus. With this feat, you may also make attacks of opportunity while flat-footed.	A character without this feat can make only one attack of opportunity per round and can't make attacks of opportunity while flat-footed.	The Combat Reflexes feat does not allow a rogue to use her opportunist ability more than once per round.	PFRPG Core	0	0	0	0	0	0	0					0		NULL
24	Command Undead	General	Using foul powers of necromancy, you can command undead creatures, making them into your servants.	Channel Negative Energy class feature		As a standard action, you can use one of your uses of channel negative energy to enslave undead within 30 feet. Undead receive a Will save to negate the effect. The DC for this Will save is equal to 10 + 1/2 your cleric level + your Charisma modifier. Undead that fail their saves fall under your control, obeying your commands to the best of their ability, as if under the effects of control undead. Intelligent undead receive a new saving throw each day to resist your command. You can control any number of undead, so long as their total Hit Dice do not exceed your cleric level. If you use channel energy in this way, it has no other effect (it does not heal or harm nearby creatures). If an undead creature is under the control of another creature, you must make an opposed Charisma check whenever your orders conf lict.			PFRPG Core	0	0	0	0	0	0	0					0		NULL
25	Craft Magic Arms and Armor	Item Creation	You can create magic armor, shields, and weapons.	5th-level Caster		You can create magic weapons, armor, or shields. Enhancing a weapon, suit of armor, or shield takes 1 day for each 1,000 gp in the price of its magical features. To enhance a weapon, suit of armor, or shield, you must use up raw materials costing half of this total price. See the magic item creation rules in Chapter 15 for more information. The weapon, armor, or shield to be enhanced must be a masterwork item that you provide. Its cost is not included in the above cost. You can also mend a broken or destroyed magic weapon, suit of armor, or shield if it is one that you could make. Doing so costs half the raw materials and half the time it would take to craft that item in the first place.			PFRPG Core	0	0	0	0	0	0	0					0		NULL
26	Craft Rod	Item Creation	You can create magic rods.	9th-level Caster		You can create magic rods. Crafting a rod takes 1 day for each 1,000 gp in its base price. To craft a rod, you must use up raw materials costing half of its base price. See the magic item creation rules in Chapter 15 for more information.			PFRPG Core	0	0	0	0	0	0	0					0		NULL
27	Craft Wand	Item Creation	You can create magic wands.	5th-level Caster		You can create a wand of any 4th-level or lower spell that you know. Crafting a wand takes 1 day for each 1,000 gp in its base price. To craft a wand, you must use up raw materials costing half of this base price. A newly created wand has 50 charges. See the magic item creation rules in Chapter 15 for more information.			PFRPG Core	0	0	0	0	0	0	0					0		NULL
28	Craft Staff	Item Creation	You can create magic staves.	11th-level Caster		You can create any staff whose prerequisites you meet. Crafting a staff takes 1 day for each 1,000 gp in its base price. To craft a staff, you must use up raw materials costing half of its base price. A newly created staff has 10 charges. See the magic item creation rules in Chapter 15 for more information.			PFRPG Core	0	0	0	0	0	0	0					0		NULL
29	Craft Wondrous Item	Item Creation	You can create wondrous items, a type of magic item.	3rd-level Caster		You can create a wide variety of magic wondrous items. Crafting a wondrous item takes 1 day for each 1,000 gp in its price. To create a wondrous item, you must use up raw materials costing half of its base price. See the magic item creation rules in Chapter 15 for more information. You can also mend a broken or destroyed wondrous item if it is one that you could make. Doing so costs half the raw materials and half the time it would take to craft that item.			PFRPG Core	0	0	0	0	0	0	0					0		NULL
30	Critical Focus	Combat	You are trained in the art of causing pain.	base attack bonus +9		You receive a +4 circumstance bonus on attack rolls made to confirm critical hits.			PFRPG Core	0	0	0	0	0	0	0					0		NULL
31	Critical Mastery	Combat	Your critical hits cause two additional effects.	14th-level fighter	Critical Focus, any two critical feats	When you score a critical hit, you can apply the effects of two critical feats in addition to the damage dealt.	You can only apply the effects of one critical feat to a given critical hit in addition to the damage dealt.		PFRPG Core	0	0	0	0	0	0	0					0		NULL
32	Dazzling Display	Combat	Your skill with your favored weapon can frighten enemies.	proficient with weapon	Weapon Focus	While wielding the weapon in which you have Weapon Focus, you can perform a bewildering show of prowess as a full-round action. Make an Intimidate check to demoralize all foes within 30 feet who can see your display.			PFRPG Core	0	0	0	0	0	0	0					0		NULL
33	Deadly Aim	Combat	You can make exceptionally deadly ranged attacks by pinpointing a foe's weak spot, at the expense of making the attack less likely to succeed.	DEX 13, base attack bonus +1		You can choose to take a -1 penalty on all ranged attack rolls to gain a +2 bonus on all ranged damage rolls. When your base attack bonus reaches +4, and every +4 thereafter, the penalty increases by -1 and the bonus to damage increases by +2. You must choose to use this feat before making an attack roll and its effects last until your next turn. The bonus damage does not apply to touch attacks or effects that do not deal hit point damage.			PFRPG Core	0	0	0	0	0	0	0					0		NULL
34	Deadly Stroke	Combat	With a well-placed strike, you can bring a swift and painful end to most foes.	proficient with weapon, base attack bonus +11	Dazzling Display, Greater Weapon Focus, Shatter Defenses, Weapon Focus	As a standard action, make a single attack with the weapon for which you have Greater Weapon Focus against a stunned or flat-footed opponent. If you hit, you deal double the normal damage and the target takes 1 point of Constitution bleed (see Appendix 2). The additional damage and bleed is not multiplied on a critical hit.			PFRPG Core	0	0	0	0	0	0	0					0		NULL
35	Deafening Critical	Combat	Your critical hits cause enemies to lose their hearing.	base attack bonus +13	Critical Focus	Whenever you score a critical hit against an opponent, the victim is permanently deafened. A successful Fortitude save reduces the deafness to 1 round. The DC of this Fortitude save is equal to 10 + your base attack bonus. This feat has no effect on deaf creatures. This deafness can be cured by heal, regeneration, remove deafness, or a similar ability.		You can only apply the effects of one critical feat to a given critical hit unless you possess Critical Mastery.	PFRPG Core	0	1	0	0	0	0	0					0		NULL
36	Deceitful	General	You are skilled at deceiving others, both with the spoken word and with physical disguises.			You get a +2 bonus on all Bluff and Disguise skill checks. If you have 10 or more ranks in one of these skills, the bonus increases to +4 for that skill.			PFRPG Core	0	0	0	0	0	0	0					0		NULL
37	Defensive Combat Training	Combat	You excel at defending yourself from all manner of combat maneuvers.			You treat your total Hit Dice as your base attack bonus when calculating your Combat Maneuver Defense (see Chapter 8).			PFRPG Core	0	0	0	0	0	0	0					0		NULL
38	Deflect Arrows	Combat	You can knock arrows and other projectiles off course, preventing them from hitting you.	DEX 13	Improved Unarmed Strike	You must have at least one hand free (holding nothing) to use this feat. Once per round when you would normally be hit with an attack from a ranged weapon, you may def lect it so that you take no damage from it. You must be aware of the attack and not flat-footed. Attempting to def lect a ranged attack doesn't count as an action. Unusually massive ranged weapons (such as boulders or ballista bolts) and ranged attacks generated by natural attacks or spell effects can't be def lected.			PFRPG Core	0	0	0	0	0	0	0					0		NULL
39	Deft Hands	General	You have exceptional manual dexterity.			You get a +2 bonus on all Disable Device and Sleight of Hand skill checks. If you have 10 or more ranks in one of these skills, the bonus increases to +4 for that skill.			PFRPG Core	0	0	0	0	0	0	0					0		NULL
40	Diehard	General	You are especially hard to kill. Not only do your wounds automatically stabilize when grievously injured, but you can remain conscious and continue to act even at death's door.		Endurance	When your hit point total is below 0, but you are not dead, you automatically stabilize. You do not need to make a Constitution check each round to avoid losing additional hit points. You may choose to act as if you were disabled, rather than dying. You must make this decision as soon as you are reduced to negative hit points (even if it isn't your turn). If you do not choose to act as if you were disabled, you immediately fall unconscious. When using this feat, you are staggered. You can take a move action without further injuring yourself, but if you perform any standard action (or any other action deemed as strenuous, including some swift actions, such as casting a quickened spell) you take 1 point of damage after completing the act. If your negative hit points are equal to or greater than your Constitution score, you immediately die.	A character without this feat who is reduced to negative hit points is unconscious and dying.		PFRPG Core	0	0	0	0	0	0	0					0		NULL
41	Disruptive	Combat	Your training makes it difficult for enemy spellcasters to safely cast spells near you.	6th-level fighter		The DC to cast spells defensively increases by +4 for all enemies that are within your threatened area. This increase to casting spells defensively only applies if you are aware of the enemy's location and are capable of taking an attack of opportunity. If you can only take one attack of opportunity per round and have already used that attack, this increase does not apply.			PFRPG Core	0	0	0	0	0	0	0					0		NULL
42	Dodge	Combat	Your training and ref lexes allow you to react swiftly to avoid an opponents' attacks.	DEX 13		You gain a +1 dodge bonus to your AC. A condition that makes you lose your Dex bonus to AC also makes you lose the benefits of this feat.			PFRPG Core	0	0	0	0	0	0	0					0		NULL
43	Double Slice	Combat	Your off-hand weapon while dual-wielding strikes with greater power.	DEX 15	Two-Weapon Fighting	Add your Strength bonus to damage rolls made with your off-hand weapon.	You normally add only half of your Strength modifier to damage rolls made with a weapon wielded in your off-hand.		PFRPG Core	0	0	0	0	0	0	0					0		NULL
44	Elemental Channel	General	Choose one elemental subtype: Air, Earth, Fire, or Water. You can channel your divine energy to harm or heal outsiders that possess your chosen elemental subtype.	Channel Energy class feature		Instead of its normal effect, you can choose to have your ability to channel energy heal or harm outsiders of your chosen elemental subtype. You must make this choice each time you channel energy. If you choose to heal or harm creatures of your elemental subtype, your channel energy has no affect on other creatures. The amount of damage healed or dealt and the DC to halve the damage is otherwise unchanged.		You can gain this feat multiple times. Its effects do not stack. Each time you take this feat, it applies to a new elemental subtype.	PFRPG Core	0	0	0	0	0	0	0					1		0
45	Empower Spell	Metamagic	You can increase the power of your spells, causing them to deal more damage.			All variable, numeric effects of an empowered spell are increased by half, including bonuses to those dice rolls. Saving throws and opposed rolls are not affected, nor are spells without random variables. An empowered spell uses up a spell slot two levels higher than the spell's actual level.			PFRPG Core	0	0	0	0	0	0	0					0		NULL
46	Endurance	General	Harsh conditions or long exertions do not easily tire you.			You gain a +4 bonus on the following checks and saves: Swim checks made to resist nonlethal damage from exhaustion; Constitution checks made to continue running; Constitution checks made to avoid nonlethal damage from a forced march; Constitution checks made to hold your breath; Constitution checks made to avoid nonlethal damage from starvation or thirst; Fortitude saves made to avoid nonlethal damage from hot or cold environments; and Fortitude saves made to resist damage from suffocation. You may sleep in light or medium armor without becoming fatigued.	A character without this feat who sleeps in medium or heavier armor is fatigued the next day.		PFRPG Core	0	0	0	0	0	0	0					0		NULL
47	Enlarge Spell	Metamagic	You can increase the range of your spells.			You can alter a spell with a range of close, medium, or long to increase its range by 100%. An enlarged spell with a range of close now has a range of 50 ft. + 5 ft./ level, while medium-range spells have a range of 200 ft. + 20 ft./level and long-range spells have a range of 800 ft. + 80 ft./level. An enlarged spell uses up a spell slot one level higher than the spell's actual level. Spells whose ranges are not defined by distance, as well as spells whose ranges are not close, medium, or long, do not benefit from this feat.			PFRPG Core	0	0	0	0	0	0	0					0		NULL
48	Eschew Materials	General	You can cast many spells without needing to utilize minor material components.			You can cast any spell with a material component costing 1 gp or less without needing that component. The casting of the spell still provokes attacks of opportunity as normal. If the spell requires a material component that costs more than 1 gp, you must have the material component on hand to cast the spell, as normal.			PFRPG Core	0	0	0	0	0	0	0					0		NULL
49	Exhausting Critical	Combat	Your critical hits cause opponents to become exhausted.	base attack bonus +15	Critical Focus, Tiring Critical	When you score a critical hit on a foe, your target immediately becomes exhausted. This feat has no effect on exhausted creatures.		You can only apply the effects of one critical feat to a given critical hit unless you possess the Critical Mastery feat.	PFRPG Core	0	1	0	0	0	0	0					0		NULL
50	Exotic Weapon Proficiency	Combat	Choose one type of exotic weapon. You understand how to use that type of exotic weapon in combat, and can utilize any special tricks or qualities that exotic weapon might allow.	base attack bonus +1		You make attack rolls with the weapon normally.	A character who uses a weapon with which he is not proficient takes a -4 penalty on attack rolls.	You can gain Exotic Weapon Proficiency multiple times. Each time you take the feat, it applies to a new type of exotic weapon.	PFRPG Core	0	0	0	0	0	0	0					1		1
51	Extend Spell	Metamagic	You can make your spells last twice as long.			An extended spell lasts twice as long as normal. A spell with a duration of concentration, instantaneous, or permanent is not affected by this feat. An extended spell uses up a spell slot one level higher than the spell's actual level.			PFRPG Core	0	0	0	0	0	0	0					0		NULL
52	Extra Channel	General	You can channel divine energy more often.	Channel Energy class feature		You can channel energy two additional times per day.		If a paladin with the ability to channel positive energy takes this feat, she can use lay on hands four additional times a day, but only to channel positive energy.	PFRPG Core	0	0	0	0	0	0	0					0		NULL
53	Extra Ki	General	You can use your ki pool more times per day than most.	Ki Pool class feature		Your ki pool increases by 2.		You can gain Extra Ki multiple times. Its effects stack.	PFRPG Core	0	0	0	0	0	0	0					1		NULL
54	Extra Lay On Hands	General	You can use your lay on hands ability more often.	Lay on Hands class feature		You can use your lay on hands ability two additional times per day.		You can gain Extra Lay On Hands multiple times. Its effects stack.	PFRPG Core	0	0	0	0	0	0	0					1		NULL
55	Extra Mercy	General	Your lay on hands ability adds an additional mercy.	Lay on Hands class feature, Mercy class feature		Select one additional mercy for which you qualify. When you use lay on hands to heal damage to one target, it also receives the additional effects of this mercy.		You can gain this feat multiple times. Its effects do not stack. Each time you take this feat, select a new mercy.	PFRPG Core	0	0	0	0	0	0	0					1		4
56	Extra Performance	General	You can use your bardic performance ability more often than normal.	Bardic Performance class feature		You can use bardic performance for 6 additional rounds per day.		You can gain Extra Performance multiple times. Its effects stack.	PFRPG Core	0	0	0	0	0	0	0					1		NULL
57	Extra Rage	General	You can use your rage ability more than normal.	Rage class feature		You can rage for 6 additional rounds per day.		You can gain Extra Rage multiple times. Its effects stack.	PFRPG Core	0	0	0	0	0	0	0					1		NULL
58	Far Shot	Combat	You are more accurate at longer ranges.		Point-Blank Shot	You only suffer a -1 penalty per full range increment between you and your target when using a ranged weapon.	You suffer a -2 penalty per full range increment between you and your target.		PFRPG Core	0	0	0	0	0	0	0					0		NULL
59	Fleet	General	You are faster than most.			While you are wearing light or no armor, your base speed increases by 5 feet. You lose the benefits of this feat if you carry a medium or heavy load.		You can take this feat multiple times. The effects stack.	PFRPG Core	0	0	0	0	0	0	0					1		NULL
60	Forge Ring	Item Creation	You can create magic rings.	7th-level Caster		You can create magic rings. Crafting a ring takes 1 day for each 1,000 gp in its base price. To craft a ring, you must use up raw materials costing half of the base price. See the magic item creation rules in Chapter 15 for more information. You can also mend a broken ring if it is one that you could make. Doing so costs half the raw materials and half the time it would take to forge that ring in the first place.			PFRPG Core	0	0	0	0	0	0	0					0		NULL
61	Gorgon's Fist	Combat	With one well-placed blow, you leave your target reeling.	base attack bonus +6	Improved Unarmed Strike, Scorpion Style	As a standard action, make a single unarmed melee attack against a foe whose speed is reduced (such as from Scorpion Style). If the attack hits, you deal damage normally and the target is staggered until the end of your next turn unless it makes a Fortitude saving throw (DC 10 + 1/2 your character level + your Wis modifier). This feat has no effect on targets that are staggered.			PFRPG Core	0	0	0	0	0	0	0					0		NULL
62	Great Cleave	Combat	You can strike many adjacent foes with a single blow.	STR 13, base attack bonus +4	Cleave, Power Attack	As a standard action, you can make a single attack at your full base attack bonus against a foe within reach. If you hit, you deal damage normally and can make an additional attack (using your full base attack bonus) against a foe that is adjacent to the previous foe and also within reach. If you hit, you can continue to make attacks against foes adjacent to the previous foe, so long as they are within your reach. You cannot attack an individual foe more than once during this attack action. When you use this feat, you take a -2 penalty to your Armor Class until your next turn.			PFRPG Core	0	0	0	0	0	0	0					0		NULL
63	Great Fortitude	General	You are resistant to poisons, diseases, and other maladies.			You get a +2 bonus on all Fortitude saving throws.			PFRPG Core	0	0	0	0	0	0	0					0		NULL
64	Greater Bull Rush	Combat	Your bull rush attacks throw enemies off balance.	base attack bonus +6, STR 13	Improved Bull Rush, Power Attack	You receive a +2 bonus on checks made to bull rush a foe. This bonus stacks with the bonus granted by Improved Bull Rush. Whenever you bull rush an opponent, his movement provokes attacks of opportunity from all of your allies (but not you).	Creatures moved by bull rush do not provoke attacks of opportunity.		PFRPG Core	0	0	0	0	0	0	0					0		NULL
65	Greater Disarm	Combat	You can knock weapons far from an enemy's grasp.	base attack bonus +6, INT 13	Combat Expertise, Improved Disarm	You receive a +2 bonus on checks made to disarm a foe. This bonus stacks with the bonus granted by Improved Disarm. Whenever you successfully disarm an opponent, the weapon lands 15 feet away from its previous wielder, in a random direction.	Disarmed weapons and gear land at the feet of the disarmed creature.		PFRPG Core	0	0	0	0	0	0	0					0		NULL
66	Greater Feint	Combat	You are skilled at making foes overreact to your attacks.	base attack bonus +6, INT 13	Combat Expertise, Improved Feint	Whenever you use feint to cause an opponent to lose his Dexterity bonus, he loses that bonus until the beginning of your next turn, in addition to losing his Dexterity bonus against your next attack.	A creature you feint loses its Dexterity bonus against your next attack.		PFRPG Core	0	0	0	0	0	0	0					0		NULL
67	Greater Grapple	Combat	Maintaining a grapple is second nature to you.	base attack bonus +6, DEX 13	Improved Grapple, Improved Unarmed Strike	You receive a +2 bonus on checks made to grapple a foe. This bonus stacks with the bonus granted by Improved Grapple. Once you have grappled a creature, maintaining the grapple is a move action. This feat allows you to make two grapple checks each round (to move, harm, or pin your opponent), but you are not required to make two checks. You only need to succeed at one of these checks to maintain the grapple.	Maintaining a grapple is a standard action.		PFRPG Core	0	0	0	0	0	0	0					0		NULL
68	Greater Overrun	Combat	Enemies must dive to avoid your dangerous move.	base attack bonus +6, STR 13	Improved Overrun, Power Attack	You receive a +2 bonus on checks made to overrun a foe. This bonus stacks with the bonus granted by Improved Overrun. Whenever you overrun opponents, they provoke attacks of opportunity if they are knocked prone by your overrun.	Creatures knocked prone by your overrun do not provoke an attack of opportunity.		PFRPG Core	0	0	0	0	0	0	0					0		NULL
69	Greater Penetrating Strike	Combat	Your attacks penetrate the defenses of most foes.	16th-level fighter	Penetrating Strike, Weapon Focus	Your attacks made with weapons selected with Weapon Focus ignore up to 10 points of damage reduction. This amount is reduced to 5 points for damage reduction without a type (such as DR 10/-).			PFRPG Core	0	0	0	0	0	0	0					0		NULL
70	Greater Shield Focus	Combat	You are skilled at def lecting blows with your shield.	8th-level fighter	Shield Focus, Shield Proficiency	Increase the AC bonus granted by any shield you are using by 1. This bonus stacks with the bonus granted by Shield Focus.			PFRPG Core	0	0	0	0	0	0	0					0		NULL
71	Greater Spell Focus	General	Choose a school of magic to which you have already applied the Spell Focus feat. Any spells you cast of this school are very hard to resist.		Spell Focus	Add +1 to the Difficulty Class for all saving throws against spells from the school of magic you select. This bonus stacks with the bonus from Spell Focus.		You can gain this feat multiple times. Its effects do not stack. Each time you take the feat, it applies to a new school to which you already have applied the Spell Focus feat.	PFRPG Core	0	0	0	0	0	0	0					1		3
72	Greater Spell Penetration	General	Your spells break through spell resistance much more easily than most.		Spell Penetration	You get a +2 bonus on caster level checks (1d20 + caster level) made to overcome a creature's spell resistance. This bonus stacks with the one from Spell Penetration.			PFRPG Core	0	0	0	0	0	0	0					0		NULL
73	Greater Sunder	Combat	Your devastating strikes cleave through weapons and armor and into their wielders, damaging both item and wielder alike in a single terrific strike.	base attack bonus +6, STR 13	Improved Sunder, Power Attack	You receive a +2 bonus on checks made to sunder an item. This bonus stacks with the bonus granted by Improved Sunder. Whenever you sunder to destroy a weapon, shield, or suit of armor, any excess damage is applied to the item's wielder. No damage is transferred if you decide to leave the item with 1 hit point.			PFRPG Core	0	0	0	0	0	0	0					0		NULL
74	Greater Trip	Combat	You can make free attacks on foes that you knock down.	base attack bonus +6, INT 13	Combat Expertise, Improved Trip	You receive a +2 bonus on checks made to trip a foe. This bonus stacks with the bonus granted by Improved Trip. Whenever you successfully trip an opponent, that opponent provokes attacks of opportunity.	Creatures do not provoke attacks of opportunity from being tripped.		PFRPG Core	0	0	0	0	0	0	0					0		NULL
75	Greater Two-Weapon Fighting	Combat	You are incredibly skilled at fighting with two weapons at the same time.	DEX 19, base attack bonus +11	Improved Two-Weapon Fighting, Two-Weapon Fighting	You get a third attack with your off-hand weapon, albeit at a -10 penalty.			PFRPG Core	0	0	0	0	0	0	0					0		NULL
76	Greater Vital Strike	Combat	You can make a single attack that deals incredible damage.	base attack bonus +16	Improved Vital Strike, Vital Strike	When you use the attack action, you can make one attack at your highest base attack bonus that deals additional damage. Roll the weapon's damage dice for the attack four times and add the results together before adding bonuses from Strength, weapon abilities (such as flaming), precision-based damage (such as sneak attack), and other damage bonuses. These extra weapon damage dice are not multiplied on a critical hit, but are added to the total.			PFRPG Core	0	0	0	0	0	0	0					0		NULL
77	Greater Weapon Focus	Combat	Choose one type of weapon (including unarmed strike or grapple) for which you have already selected Weapon Focus. You are a master at your chosen weapon.	proficient with weapon, 8th-level fighter	Weapon Focus	You gain a +1 bonus on attack rolls you make using the selected weapon. This bonus stacks with other bonuses on attack rolls, including those from Weapon Focus.		You can gain Greater Weapon Focus multiple times. Its effects do not stack. Each time you take the feat, it applies to a new type of weapon.	PFRPG Core	0	0	0	0	0	0	0					1		1
78	Greater Weapon Specialization	Combat	Choose one type of weapon (including unarmed strike or grapple) for which you possess the Weapon Specialization feat. Your attacks with the chosen weapon are more devastating than normal.	proficient with weapon, 12th-level fighter	Greater Weapon Focus, Weapon Focus, Weapon Specialization	You gain a +2 bonus on all damage rolls you make using the selected weapon. This bonus to damage stacks with other damage roll bonuses, including any you gain from Weapon Specialization.		You can gain Greater Weapon Specialization multiple times. Its effects do not stack. Each time you take the feat, it applies to a new type of weapon.	PFRPG Core	0	0	0	0	0	0	0					1		1
79	Heighten Spell	Metamagic	You can cast spells as if they were a higher level.			A heightened spell has a higher spell level than normal (up to a maximum of 9th level). Unlike other metamagic feats, Heighten Spell actually increases the effective level of the spell that it modifies. All effects dependent on spell level (such as saving throw DCs and ability to penetrate a lesser globe of invulnerability) are calculated according to the heightened level. The heightened spell is as difficult to prepare and cast as a spell of its effective level.			PFRPG Core	0	0	0	0	0	0	0					0		NULL
80	Improved Bull Rush	Combat	You are skilled at pushing your foes around.	STR 13, base attack bonus +1	Power Attack	You do not provoke an attack of opportunity when performing a bull rush combat maneuver. In addition, you receive a +2 bonus on checks made to bull rush a foe. You also receive a +2 bonus to your Combat Maneuver Defense whenever an opponent tries to bull rush you.	You provoke an attack of opportunity when performing a bull rush combat maneuver.		PFRPG Core	0	0	0	0	0	0	0					0		NULL
81	Improved Channel	General	Your channeled energy is harder to resist.	Channel Energy class feature		Add 2 to the DC of saving throws made to resist the effects of your channel energy ability.			PFRPG Core	0	0	0	0	0	0	0					0		NULL
82	Improved Counterspell	General	You are skilled at countering the spells of others using similar spells.			When counterspelling, you may use a spell of the same school that is one or more spell levels higher than the target spell.	Without this feat, you may counter a spell only with the same spell or with a spell specifically designated as countering the target spell.		PFRPG Core	0	0	0	0	0	0	0					0		NULL
83	Improved Critical	Combat	Attacks made with your chosen weapon are quite deadly.	proficient with weapon, base attack bonus +8		When using the weapon you selected, your threat range is doubled.		You can gain Improved Critical multiple times. The effects do not stack. Each time you take the feat, it applies to a new type of weapon. This effect doesn't stack with any other effect that expands the threat range of a weapon.	PFRPG Core	0	0	0	0	0	0	0					1		NULL
84	Improved Disarm	Combat	You are skilled at knocking weapons from a foe's grasp.	INT 13	Combat Expertise	You do not provoke an attack of opportunity when performing a disarm combat maneuver. In addition, you receive a +2 bonus on checks made to disarm a foe. You also receive a +2 bonus to your Combat Maneuver Defense whenever an opponent tries to disarm you.	You provoke an attack of opportunity when performing a disarm combat maneuver.		PFRPG Core	0	0	0	0	0	0	0					0		NULL
85	Improved Familiar	General	This feat allows you to acquire a powerful familiar, but only when you could normally acquire a new familiar.	Ability to acquire a new familiar, compatible alignment, sufficiently high level (see below)		When choosing a familiar, the creatures listed below are also available to you (see the Pathfinder RPG Bestiary for statistics on these creatures). You may choose a familiar with an alignment up to one step away on each alignment axis (lawful through chaotic, good through evil). Arcane Spellcaster Familiar Alignment Level Celestial hawk1 Neutral good 3rd Dire rat Neutral 3rd Fiendish viper2 Neutral evil 3rd Elemental, Small (any type) Neutral 5th Stirge Neutral 5th Homunculus3 Any 7th Imp Lawful evil 7th Mephit (any type) Neutral 7th Pseudodragon Neutral good 7th Quasit Chaotic evil 7th 1 Or other celestial animal from the standard familiar list. 2 Or other fiendish animal from the standard familiar list. 3 The master must first create the homunculus. Improved familiars otherwise use the rules for regular familiars, with two exceptions: if the creature's type is something other than animal, its type does not change; and improved familiars do not gain the ability to speak with other creatures of their kind (although many of them already have the ability to communicate).			PFRPG Core	0	0	0	0	0	0	0					0		NULL
86	Improved Feint	Combat	You are skilled at fooling your opponents in combat.	INT 13	Combat Expertise	You can make a Bluff check to feint in combat as a move action.	Feinting in combat is a standard action.		PFRPG Core	0	0	0	0	0	0	0					0		NULL
87	Improved Grapple	Combat	You are skilled at grappling opponents.	DEX 13	Improved Unarmed Strike	You do not provoke an attack of opportunity when performing a grapple combat maneuver. In addition, you receive a +2 bonus on checks made to grapple a foe. You also receive a +2 bonus to your Combat Maneuver Defense whenever an opponent tries to grapple you.	You provoke an attack of opportunity when performing a grapple combat maneuver.		PFRPG Core	0	0	0	0	0	0	0					0		NULL
88	Improved Great Fortitude	General	You can draw upon an inner reserve to resist diseases, poisons, and other grievous harm.		Great Fortitude	Once per day, you may reroll a Fortitude save. You must decide to use this ability before the results are revealed. You must take the second roll, even if it is worse.			PFRPG Core	0	0	0	0	0	0	0					0		NULL
89	Improved Initiative	Combat	Your quick ref lexes allow you to react rapidly to danger.			You get a +4 bonus on initiative checks.			PFRPG Core	0	0	0	0	0	0	0					0		NULL
90	Improved Iron Will	General	Your clarity of thought allows you to resist mental attacks.		Iron Will	Once per day, you may reroll a Will save. You must decide to use this ability before the results are revealed. You must take the second roll, even if it is worse.			PFRPG Core	0	0	0	0	0	0	0					0		NULL
91	Improved Lightning Reflexes	General	You have a knack for avoiding danger all around you.		Lightning Reflexes	Once per day, you may reroll a Ref lex save. You must decide to use this ability before the results are revealed. You must take the second roll, even if it is worse.			PFRPG Core	0	0	0	0	0	0	0					0		NULL
92	Improved Overrun	Combat	You are skilled at running down your foes.	STR 13, base attack bonus +1	Power Attack	You do not provoke an attack of opportunity when performing an overrun combat maneuver. In addition, you receive a +2 bonus on checks made to overrrun a foe. You also receive a +2 bonus to your Combat Maneuver Defense whenever an opponent tries to overrun you. Targets of your overrun attempt may not choose to avoid you.	You provoke an attack of opportunity when performing an overrun combat maneuver.		PFRPG Core	0	0	0	0	0	0	0					0		NULL
93	Improved Precise Shot	Combat	Your ranged attacks ignore anything but total concealment and cover.	DEX 19, base attack bonus +11	Point-Blank Shot, Precise Shot	Your ranged attacks ignore the AC bonus granted to targets by anything less than total cover, and the miss chance granted to targets by anything less than total concealment. Total cover and total concealment provide their normal benefits against your ranged attacks.	See the normal rules on the effects of cover and concealment in Chapter 8.		PFRPG Core	0	0	0	0	0	0	0					0		NULL
94	Improved Shield Bash	Combat	You can protect yourself with your shield, even if you use it to attack.		Shield Proficiency	When you perform a shield bash, you may still apply the shield's shield bonus to your AC.	Without this feat, a character that performs a shield bash loses the shield's shield bonus to AC until his next turn (see Chapter 6).		PFRPG Core	0	0	0	0	0	0	0					0		NULL
95	Improved Sunder	Combat	You are skilled at damaging your foes' weapons and armor.	STR 13, base attack bonus +1	Power Attack	You do not provoke an attack of opportunity when performing a sunder combat maneuver. In addition, you receive a +2 bonus on checks made to sunder an item. You also receive a +2 bonus to your Combat Maneuver Defense whenever an opponent tries to sunder your gear.	You provoke an attack of opportunity when performing a sunder combat maneuver.		PFRPG Core	0	0	0	0	0	0	0					0		NULL
96	Improved Trip	Combat	You are skilled at sending your opponents to the ground.	INT 13	Combat Expertise	You do not provoke an attack of opportunity when performing a trip combat maneuver. In addition, you receive a +2 bonus on checks made to trip a foe. You also receive a +2 bonus to your Combat Maneuver Defense whenever an opponent tries to trip you.	You provoke an attack of opportunity when performing a trip combat maneuver.		PFRPG Core	0	0	0	0	0	0	0					0		NULL
97	Improved Two-Weapon Fighting	Combat	You are skilled at fighting with two weapons.	DEX 17, base attack bonus +6	Two-Weapon Fighting	In addition to the standard single extra attack you get with an off-hand weapon, you get a second attack with it, albeit at a -5 penalty.	Without this feat, you can only get a single extra attack with an off-hand weapon.		PFRPG Core	0	0	0	0	0	0	0					0		NULL
98	Improved Unarmed Strike	Combat	You are skilled at fighting while unarmed.			You are considered to be armed even when unarmed-you do not provoke attacks of opportunity when you attack foes while unarmed. Your unarmed strikes can deal lethal or nonlethal damage, at your choice.	Without this feat, you are considered unarmed when attacking with an unarmed strike, and you can deal only nonlethal damage with such an attack.		PFRPG Core	0	0	0	0	0	0	0					0		NULL
99	Improved Vital Strike	Combat	You can make a single attack that deals a large amount of damage.	base attack bonus +11	Vital Strike	When you use the attack action, you can make one attack at your highest base attack bonus that deals additional damage. Roll the weapon's damage dice for the attack three times and add the results together before adding bonuses from Strength, weapon abilities (such as flaming), precision-based damage, and other damage bonuses. These extra weapon damage dice are not multiplied on a critical hit, but are added to the total.			PFRPG Core	0	0	0	0	0	0	0					0		NULL
100	Improvised Weapon Mastery	Combat	You can turn nearly any object into a deadly weapon, from a razor-sharp chair leg to a sack of flour.	base attack bonus +8	Catch Off-Guard|Throw Anything	You do not suffer any penalties for using an improvised weapon. Increase the amount of damage dealt by the improvised weapon by one step (for example, 1d4 becomes 1d6) to a maximum of 1d8 (2d6 if the improvised weapon is two-handed). The improvised weapon has a critical threat range of 19-20, with a critical multiplier of Ã—2.			PFRPG Core	0	0	0	0	0	0	0					0		NULL
101	Intimidating Prowess	Combat	Your physical might is intimidating to others.			Add your Strength modifier to Intimidate skill checks in addition to your Charisma modifier.			PFRPG Core	0	0	0	0	0	0	0					0		NULL
102	Iron Will	General	You are more resistant to mental effects.			You get a +2 bonus on all Will saving throws.			PFRPG Core	0	0	0	0	0	0	0					0		NULL
103	Leadership	General	You attract followers to your cause and a companion to join you on your adventures.	7th-level Character		This feat enables you to attract a loyal cohort and a number of devoted subordinates who assist you. A cohort is generally an NPC with class levels, while followers are typically lower level NPCs. See Table 5-2 for what level of cohort and how many followers you can recruit.			PFRPG Core	0	0	0	0	0	0	0					0		NULL
104	Lightning Reflexes	General	You have faster ref lexes than normal.			You get a +2 bonus on all Ref lex saving throws.			PFRPG Core	0	0	0	0	0	0	0					0		NULL
105	Lightning Stance	Combat	The speed at which you move makes it nearly impossible for opponents to strike you.	DEX 17, base attack bonus +11	Dodge, Wind Stance	If you take two actions to move or a withdraw action in a turn, you gain 50% concealment for 1 round.			PFRPG Core	0	0	0	0	0	0	0					0		NULL
106	Lunge	Combat	You can strike foes that would normally be out of reach.	base attack bonus +6		You can increase the reach of your melee attacks by 5 feet until the end of your turn by taking a -2 penalty to your AC until your next turn. You must decide to use this ability before any attacks are made.			PFRPG Core	0	0	0	0	0	0	0					0		NULL
107	Magical Aptitude	General	You are skilled at spellcasting and using magic items.			You get a +2 bonus on all Spellcraft checks and Use Magic Device checks. If you have 10 or more ranks in one of these skills, the bonus increases to +4 for that skill.			PFRPG Core	0	0	0	0	0	0	0					0		NULL
108	Manyshot	Combat	You can fire multiple arrows at a single target.	DEX 17, base attack bonus +6	Point-Blank Shot, Rapid Shot	When making a full-attack action with a bow, your first attack fires two arrows. If the attack hits, both arrows hit. Apply precision-based damage (such as sneak attack) and critical hit damage only once for this attack. Damage bonuses from using a composite bow with a high Strength bonus apply to each arrow, as do other damage bonuses, such as a ranger's favored enemy bonus. Damage reduction and resistances apply separately to each arrow.			PFRPG Core	0	0	0	0	0	0	0					0		NULL
109	Martial Weapon Proficiency	Combat	Choose a type of martial weapon. You understand how to use that type of martial weapon in combat.			You make attack rolls with the selected weapon normally (without the non-proficient penalty).	When using a weapon with which you are not proficient, you take a -4 penalty on attack rolls.	Barbarians, fighters, paladins, and rangers are proficient with all martial weapons. They need not select this feat. You can gain Martial Weapon Proficiency multiple times. Each time you take the feat, it applies to a new type of weapon.	PFRPG Core	0	0	0	0	0	0	0					1		1
110	Master Craftsman	General	Your superior crafting skills allow you to create simple magic items.	5 Craft ranks|5 Profession ranks		Choose one Craft or Profession skill in which you possess at least 5 ranks. You receive a +2 bonus on your chosen Craft or Profession skill. Ranks in your chosen skill count as your caster level for the purposes of qualifying for the Craft Magic Arms and Armor and Craft Wondrous Item feats. You can create magic items using these feats, substituting your ranks in the chosen skill for your total caster level. You must use the chosen skill for the check to create the item. The DC to create the item still increases for any necessary spell requirements (see the magic item creation rules in Chapter 15). You cannot use this feat to create any spell-trigger or spell-activation item.	Only spellcasters can qualify for the Craft Magic Arms and Armor and Craft Wondrous Item feats.		PFRPG Core	0	0	0	0	0	0	0					0		NULL
111	Maximize Spell	Metamagic	Your spells have the maximum possible effect.			All variable, numeric effects of a spell modified by this feat are maximized. Saving throws and opposed rolls are not affected, nor are spells without random variables. A maximized spell uses up a spell slot three levels higher than the spell's actual level. An empowered, maximized spell gains the separate benefits of each feat: the maximum result plus half the normally rolled result.			PFRPG Core	0	0	0	0	0	0	0					0		NULL
112	Medusa's Wrath	Combat	You can take advantage of your opponent's confusion, delivering multiple blows.	base attack bonus +11	Improved Unarmed Strike, Gorgon's Fist, Scorpion Style	Whenever you use the full-attack action and make at least one unarmed strike, you can make two additional unarmed strikes at your highest base attack bonus. These bonus attacks must be made against a dazed, flat-footed, paralyzed, staggered, stunned, or unconscious foe.			PFRPG Core	0	0	0	0	0	0	0					0		NULL
113	Mobility	Combat	You can easily move through a dangerous melee.	DEX 13	Dodge	You get a +4 dodge bonus to Armor Class against attacks of opportunity caused when you move out of or within a threatened area. A condition that makes you lose your Dexterity bonus to Armor Class (if any) also makes you lose dodge bonuses. Dodge bonuses stack with each other, unlike most types of bonuses.			PFRPG Core	0	0	0	0	0	0	0					0		NULL
114	Mounted Archery	Combat	You are skilled at making ranged attacks while mounted.	1 Ride rank	Mounted Combat	The penalty you take when using a ranged weapon while mounted is halved: -2 instead of -4 if your mount is taking a double move, and -4 instead of -8 if your mount is running.			PFRPG Core	0	0	0	0	0	0	0					0		NULL
115	Mounted Combat	Combat	You are adept at guiding your mount through combat.	1 Ride rank		Once per round when your mount is hit in combat, you may attempt a Ride check (as an immediate action) to negate the hit. The hit is negated if your Ride check result is greater than the opponent's attack roll.			PFRPG Core	0	0	0	0	0	0	0					0		NULL
116	Natural Spell	General	You can cast spells even while in a form that cannot normally cast spells.	WIS 13, Wild Shape class feature		You can complete the verbal and somatic components of spells while using wild shape. You substitute various noises and gestures for the normal verbal and somatic components of a spell. You can also use any material components or focuses you possess, even if such items are melded within your current form. This feat does not permit the use of magic items while you are in a form that could not ordinarily use them, and you do not gain the ability to speak while using wild shape.			PFRPG Core	0	0	0	0	0	0	0					0		NULL
117	Nimble Moves	General	You can move across a single obstacle with ease.	DEX 13		Whenever you move, you may move through 5 feet of difficult terrain each round as if it were normal terrain. This feat allows you to take a 5-foot step into difficult terrain.			PFRPG Core	0	0	0	0	0	0	0					0		NULL
118	Penetrating Strike	Combat	Your attacks are capable of penetrating the defenses of some creatures.	12th-level fighter, proficient with weapon	Weapon Focus	Your attacks made with weapons selected with Weapon Focus ignore up to 5 points of damage reduction. This feat does not apply to damage reduction without a type (such as DR 10/-).			PFRPG Core	0	0	0	0	0	0	0					0		NULL
119	Persuasive	General	You are skilled at swaying attitudes and intimidating others into your way of thinking.			You get a +2 bonus on all Diplomacy and Intimidate skill checks. If you have 10 or more ranks in one of these skills, the bonus increases to +4 for that skill.			PFRPG Core	0	0	0	0	0	0	0					0		NULL
120	Pinpoint Targeting	Combat	You can target the weak points in your opponent's armor.	DEX 19, base attack bonus +16	Improved Precise Shot, Point-Blank Shot, Precise Shot	As a standard action, make a single ranged attack. The target does not gain any armor, natural armor, or shield bonuses to its Armor Class. You do not gain the benefit of this feat if you move this round.			PFRPG Core	0	0	0	0	0	0	0					0		NULL
121	Point-Blank Shot	Combat	You are especially accurate when making ranged attacks against close targets.			You get a +1 bonus on attack and damage rolls with ranged weapons at ranges of up to 30 feet.			PFRPG Core	0	0	0	0	0	0	0					0		NULL
122	Power Attack	Combat	You can make exceptionally deadly melee attacks by sacrificing accuracy for strength.	STR 13, base attack bonus +1		You can choose to take a -1 penalty on all melee attack rolls and combat maneuver checks to gain a +2 bonus on all melee damage rolls. This bonus to damage is increased by half (+50%) if you are making an attack with a two-handed weapon, a one handed weapon using two hands, or a primary natural weapon that adds 1-1/2 times your Strength modif ier on damage rolls. This bonus to damage is halved (-50%) if you are making an attack with an off-hand weapon or secondary natural weapon. When your base attack bonus reaches +4, and every 4 points thereafter, the penalty increases by -1 and the bonus to damage increases by +2. You must choose to use this feat before making an attack roll, and its effects last until your next turn. The bonus damage does not apply to touch attacks or effects that do not deal hit point damage.			PFRPG Core	0	0	0	0	0	0	0					0		NULL
123	Precise Shot	Combat	You are adept at firing ranged attacks into melee.		Point-Blank Shot	You can shoot or throw ranged weapons at an opponent engaged in melee without taking the standard -4 penalty on your attack roll.			PFRPG Core	0	0	0	0	0	0	0					0		NULL
124	Quick Draw	Combat	You can draw weapons faster than most.	base attack bonus +1		You can draw a weapon as a free action instead of as a move action. You can draw a hidden weapon (see the Sleight of Hand skill) as a move action. A character who has selected this feat may throw weapons at his full normal rate of attacks (much like a character with a bow). Alchemical items, potions, scrolls, and wands cannot be drawn quickly using this feat.	Without this feat, you may draw a weapon as a move action, or (if your base attack bonus is +1 or higher) as a free action as part of movement. Without this feat, you can draw a hidden weapon as a standard action.		PFRPG Core	0	0	0	0	0	0	0					0		NULL
125	Quicken Spell	Metamagic	You can cast spells in a fraction of the normal time.			Casting a quickened spell is a swift action. You can perform another action, even casting another spell, in the same round as you cast a quickened spell. A spell whose casting time is more than 1 round or 1 fullround action cannot be quickened. A quickened spell uses up a spell slot four levels higher than the spell's actual level. Casting a quickened spell doesn't provoke an attack of opportunity.		You can apply the effects of this feat to a spell cast spontaneously, so long as it has a casting time that is not more than 1 full-round action, without increasing the spell's casting time.	PFRPG Core	0	0	0	0	0	0	0					0		NULL
126	Shield Master	Combat	Your mastery of the shield allows you to fight with it without hindrance.	base attack bonus +11	Improved Shield Bash, Shield Proficiency, Shield Slam, Two-Weapon Fighting	You do not suffer any penalties on attack rolls made with a shield while you are wielding another weapon. Add your shield's enhancement bonus to attacks and damage rolls made with the shield as if it was a weapon enhancement bonus.			PFRPG Core	0	0	0	0	0	0	0					0		NULL
127	Rapid Shot	Combat	You can make an additional ranged attack.	DEX 13	Point-Blank Shot	When making a full-attack action with a ranged weapon, you can fire one additional time this round at your highest bonus. All of your attack rolls take a -2 penalty when using Rapid Shot.			PFRPG Core	0	0	0	0	0	0	0					0		NULL
128	Ride-By Attack	Combat	While mounted and charging, you can move, strike at a foe, and then continue moving.	1 Ride rank	Mounted Combat	When you are mounted and use the charge action, you may move and attack as if with a standard charge and then move again (continuing the straight line of the charge). Your total movement for the round can't exceed double your mounted speed. You and your mount do not provoke an attack of opportunity from the opponent that you attack.			PFRPG Core	0	0	0	0	0	0	0					0		NULL
129	Run	General	You are swift of foot.			When running, you move five times your normal speed (if wearing medium, light, or no armor and carrying no more than a medium load) or four times your speed (if wearing heavy armor or carrying a heavy load). If you make a jump after a running start (see the Acrobatics skill description), you gain a +4 bonus on your Acrobatics check. While running, you retain your Dexterity bonus to your Armor Class.	You move four times your speed while running (if wearing medium, light, or no armor and carrying no more than a medium load) or three times your speed (if wearing heavy armor or carrying a heavy load), and you lose your Dexterity bonus to AC.		PFRPG Core	0	0	0	0	0	0	0					0		NULL
130	Scorpion Style	Combat	You can perform an unarmed strike that greatly hampers your target's movement.		Improved Unarmed Strike	To use this feat, you must make a single unarmed attack as a standard action. If this unarmed attack hits, you deal damage normally, and the target's base land speed is reduced to 5 feet for a number of rounds equal to your Wisdom modifier unless it makes a Fortitude saving throw (DC 10 + 1/2 your character level + your Wis modifier).			PFRPG Core	0	0	0	0	0	0	0					0		NULL
131	Scribe Scroll	Item Creation	You can create magic scrolls.	1st-level Caster		You can create a scroll of any spell that you know. Scribing a scroll takes 2 hours if its base price is 250 gp or less, otherwise scribing a scroll takes 1 day for each 1,000 gp in its base price. To scribe a scroll, you must use up raw materials costing half of this base price. See the magic item creation rules in Chapter 15 for more information.			PFRPG Core	0	0	0	0	0	0	0					0		NULL
132	Selective Channeling	General	You can pick whom to affect when you channel energy.	CHA 13, Channel Energy class feature		When you channel energy, you can choose a number of targets in the area up to your Charisma modifier. These targets are not affected by your channeled energy.	All targets in a 30-foot burst are affected when you channel energy. You can only choose whether or not you are affected.		PFRPG Core	0	0	0	0	0	0	0					0		NULL
133	Self-Sufficient	General	You know how to get along in the wild and how to effectively treat wounds.			You get a +2 bonus on all Heal checks and Survival checks. If you have 10 or more ranks in one of these skills, the bonus increases to +4 for that skill.			PFRPG Core	0	0	0	0	0	0	0					0		NULL
134	Shatter Defenses	Combat	Your skill with your chosen weapon leaves opponents unable to defend themselves if you strike them when their defenses are already compromised.	base attack bonus +6, proficient with weapon	Weapon Focus, Dazzling Display	Any shaken, frightened, or panicked opponent hit by you this round is flat-footed to your attacks until the end of your next turn. This includes any additional attacks you make this round.			PFRPG Core	0	0	0	0	0	0	0					0		NULL
135	Shield Focus	Combat	You are skilled at def lecting blows with your shield.	base attack bonus +1	Shield Proficiency	Increase the AC bonus granted by any shield you are using by 1.			PFRPG Core	0	0	0	0	0	0	0					0		NULL
136	Shield Proficiency	Combat	You are trained in how to properly use a shield.			When you use a shield (except a tower shield), the shield's armor check penalty only applies to Strength- and Dexterity-based skills.	When you are using a shield with which you are not proficient, you take the shield's armor check penalty on attack rolls and on all skill checks that involve moving.	Barbarians, bards, clerics, druids, fighters, paladins, and rangers all automatically have Shield Proficiency as a bonus feat. They need not select it.	PFRPG Core	0	0	0	0	0	0	0					0		NULL
137	Shield Slam	Combat	In the right position, your shield can be used to send opponents flying.	base attack bonus +6	Improved Shield Bash, Shield Proficiency, Two-Weapon Fighting	Any opponents hit by your shield bash are also hit with a free bull rush attack, substituting your attack roll for the combat maneuver check (see Chapter 8). This bull rush does not provoke an attack of opportunity. Opponents who cannot move back due to a wall or other surface are knocked prone after moving the maximum possible distance. You may choose to move with your target if you are able to take a 5-foot step or to spend an action to move this turn.			PFRPG Core	0	0	0	0	0	0	0					0		NULL
138	Shot on the Run	Combat	You can move, fire a ranged weapon, and move again before your foes can react.	DEX 13, base attack bonus +4	Dodge, Mobility, Point-Blank Shot	As a full-round action, you can move up to your speed and make a single ranged attack at any point during your movement.	You cannot move before and after an attack with a ranged weapon.		PFRPG Core	0	0	0	0	0	0	0					0		NULL
139	Sickening Critical	Combat	Your critical hits cause opponents to become sickened.	base attack bonus +11	Critical Focus	Whenever you score a critical hit, your opponent becomes sickened for 1 minute. The effects of this feat do not stack. Additional hits instead add to the effect's duration.		You can only apply the effects of one critical feat to a given critical hit unless you possess Critical Mastery.	PFRPG Core	0	1	0	0	0	0	0					0		NULL
140	Silent Spell	Metamagic	You can cast your spells without making any sound.			A silent spell can be cast with no verbal components. Spells without verbal components are not affected. A silent spell uses up a spell slot one level higher than the spell's actual level.		Bard spells cannot be enhanced by this feat.	PFRPG Core	0	0	0	0	0	0	0					0		NULL
141	Simple Weapon Proficiency	Combat	You are trained in the use of basic weapons.			You make attack rolls with simple weapons without penalty.	When using a weapon with which you are not proficient, you take a -4 penalty on attack rolls.	All characters except for druids, monks, and wizards are automatically proficient with all simple weapons. They need not select this feat.	PFRPG Core	0	0	0	0	0	0	0					0		NULL
142	Skill Focus	General	Choose a skill. You are particularly adept at that skill.			You get a +3 bonus on all checks involving the chosen skill. If you have 10 or more ranks in that skill, this bonus increases to +6.		You can gain this feat multiple times. Its effects do not stack. Each time you take the feat, it applies to a new skill.	PFRPG Core	0	0	0	0	0	0	0					1		2
143	Snatch Arrows	Combat	Instead of knocking an arrow or ranged attack aside, you can catch it in mid-flight.	DEX 15	Deflect Arrows, Improved Unarmed Strike	When using the Def lect Arrows feat you may choose to catch the weapon instead of just def lecting it. Thrown weapons can immediately be thrown back as an attack against the original attacker (even though it isn't your turn) or kept for later use. You must have at least one hand free (holding nothing) to use this feat.			PFRPG Core	0	0	0	0	0	0	0					0		NULL
144	Spell Focus	General	Choose a school of magic. Any spells you cast of that school are more difficult to resist.			Add +1 to the Difficulty Class for all saving throws against spells from the school of magic you select.		You can gain this feat multiple times. Its effects do not stack. Each time you take the feat, it applies to a new school of magic.	PFRPG Core	0	0	0	0	0	0	0					1		3
145	Spell Mastery	General	You have mastered a small handful of spells, and can prepare these spells without referencing your spellbooks at all.	1st-level wizard		Each time you take this feat, choose a number of spells that you already know equal to your Intelligence modifier. From that point on, you can prepare these spells without referring to a spellbook.	Without this feat, you must use a spellbook to prepare all your spells, except read magic.		PFRPG Core	0	0	0	0	0	0	0					0		NULL
146	Spell Penetration	General	Your spells break through spell resistance more easily than most.			You get a +2 bonus on caster level checks (1d20 + caster level) made to overcome a creature's spell resistance.			PFRPG Core	0	0	0	0	0	0	0					0		NULL
147	Spellbreaker	Combat	You can strike at enemy spellcasters who fail to cast defensively when you threaten them.	10th-level fighter	Disruptive	Enemies in your threatened area that fail their checks to cast spells defensively provoke attacks of opportunity from you.	Enemies that fail to cast spells defensively do not provoke attacks of opportunity.		PFRPG Core	0	0	0	0	0	0	0					0		NULL
148	Spirited Charge	Combat	Your mounted charge attacks deal a tremendous amount of damage.	1 Ride rank	Mounted Combat, Ride-By Attack	When mounted and using the charge action, you deal double damage with a melee weapon (or triple damage with a lance).			PFRPG Core	0	0	0	0	0	0	0					0		NULL
149	Spring Attack	Combat	You can deftly move up to a foe, strike, and withdraw before he can react.	DEX 13,  base attack bonus +4	Dodge, Mobility	As a full-round action, you can move up to your speed and make a single melee attack without provoking any attacks of opportunity from the target of your attack. You can move both before and after the attack, but you must move at least 10 feet before the attack and the total distance that you move cannot be greater than your speed. You cannot use this ability to attack a foe that is adjacent to you at the start of your turn.	You cannot move before and after an attack.		PFRPG Core	0	0	0	0	0	0	0					0		NULL
150	Staggering Critical	Combat	Your critical hits cause opponents to slow down.	base attack bonus +13	Critical Focus	Whenever you score a critical hit, your opponent becomes staggered for 1d4+1 rounds. A successful Fortitude save reduces the duration to 1 round. The DC of this Fortitude save is equal to 10 + your base attack bonus. The effects of this feat do not stack. Additional hits instead add to the duration.		You can only apply the effects of one critical feat to a given critical hit unless you possess Critical Mastery.	PFRPG Core	0	1	0	0	0	0	0					0		NULL
151	Stand Still	Combat	You can stop foes that try to move past you.		Combat Reflexes	When a foe provokes an attack of opportunity due to moving through your adjacent squares, you can make a combat maneuver check as your attack of opportunity. If successful, the enemy cannot move for the rest of his turn. An enemy can still take the rest of his action, but cannot move. This feat also applies to any creature that attempts to move from a square that is adjacent to you if such movement provokes an attack of opportunity.			PFRPG Core	0	0	0	0	0	0	0					0		NULL
152	Stealthy	General	You are good at avoiding unwanted attention and slipping out of bonds.			You get a +2 bonus on all Escape Artist and Stealth skill checks. If you have 10 or more ranks in one of these skills, the bonus increases to +4 for that skill.			PFRPG Core	0	0	0	0	0	0	0					0		NULL
153	Step Up	Combat	You can close the distance when a foe tries to move away.	base attack bonus +1		Whenever an adjacent foe attempts to take a 5-foot step away from you, you may also make a 5-foot step as an immediate action so long as you end up adjacent to the foe that triggered this ability. If you take this step, you cannot take a 5-foot step during your next turn. If you take an action to move during your next turn, subtract 5 feet from your total movement.			PFRPG Core	0	0	0	0	0	0	0					0		NULL
154	Still Spell	Metamagic	You can cast spells without moving.			A stilled spell can be cast with no somatic components. Spells without somatic components are not affected. A stilled spell uses up a spell slot one level higher than the spell's actual level.			PFRPG Core	0	0	0	0	0	0	0					0		NULL
155	Strike Back	Combat	You can strike at foes that attack you using their superior reach, by targeting their limbs or weapons as they come at you.	base attack bonus +11		You can ready an action to make a melee attack against any foe that attacks you in melee, even if the foe is outside of your reach.			PFRPG Core	0	0	0	0	0	0	0					0		NULL
156	Stunning Critical	Combat	Your critical hits cause opponents to become stunned.	base attack bonus +17	Critical Focus, Staggering Critical	Whenever you score a critical hit, your opponent becomes stunned for 1d4 rounds. A successful Fortitude save reduces this to staggered for 1d4 rounds. The DC of this Fortitude save is equal to 10 + your base attack bonus. The effects of this feat do not stack. Additional hits instead add to the duration.		You can only apply the effects of one critical feat to a given critical hit unless you possess Critical Mastery.	PFRPG Core	0	1	0	0	0	0	0					0		NULL
157	Stunning Fist	Combat	You know just where to strike to temporarily stun a foe.	DEX 13, WIS 13, base attack bonus +8	Improved Unarmed Strike	You must declare that you are using this feat before you make your attack roll (thus, a failed attack roll ruins the attempt). Stunning Fist forces a foe damaged by your unarmed attack to make a Fortitude saving throw (DC 10 + 1/2 your character level + your Wis modifier), in addition to dealing damage normally. A defender who fails this saving throw is stunned for 1 round (until just before your next turn). A stunned character drops everything held, can't take actions, loses any Dexterity bonus to AC, and takes a -2 penalty to AC. You may attempt a stunning attack once per day for every four levels you have attained (but see Special), and no more than once per round. Constructs, oozes, plants, undead, incorporeal creatures, and creatures immune to critical hits cannot be stunned.		A monk receives Stunning Fist as a bonus feat at 1st level, even if he does not meet the prerequisites. A monk may attempt a stunning attack a number of times per day equal to his monk level, plus one more time per day for every four levels he has in classes other than monk.	PFRPG Core	0	0	0	0	0	0	0					0		NULL
158	Throw Anything	Combat	You are used to throwing things you have on hand.			You do not suffer any penalties for using an improvised ranged weapon. You receive a +1 circumstance bonus on attack rolls made with thrown splash weapons.	You take a -4 penalty on attack rolls made with an improvised weapon.		PFRPG Core	0	0	0	0	0	0	0					0		NULL
159	Tiring Critical	Combat	Your critical hits cause opponents to become fatigued.	base attack bonus +13	Critical Focus	Whenever you score a critical hit, your opponent becomes fatigued. This feat has no additional effect on a fatigued or exhausted creature.		You can only apply the effects of one critical feat to a given critical hit unless you possess Critical Mastery.	PFRPG Core	0	1	0	0	0	0	0					0		NULL
160	Toughness	General	You have enhanced physical stamina.			You gain +3 hit points. For every Hit Die you possess beyond 3, you gain an additional +1 hit point. If you have more than 3 Hit Dice, you gain +1 hit points whenever you gain a Hit Die (such as when you gain a level).			PFRPG Core	0	0	0	0	0	0	0					0		NULL
161	Tower Shield Proficiency	Combat	You are trained in how to properly use a tower shield.		Shield Proficiency	When you use a tower shield, the shield's armor check penalty only applies to Strength and Dexterity-based skills.	A character using a shield with which he is not proficient takes the shield's armor check penalty on attack rolls and on all skill checks that involve moving, including Ride.	Fighters automatically have Tower Shield Proficiency as a bonus feat. They need not select it.	PFRPG Core	0	0	0	0	0	0	0					0		NULL
162	Trample	Combat	While mounted, you can ride down opponents and trample them under your mount.	1 Ride rank	Mounted Combat	When you attempt to overrun an opponent while mounted, your target may not choose to avoid you. Your mount may make one hoof attack against any target you knock down, gaining the standard +4 bonus on attack rolls against prone targets.			PFRPG Core	0	0	0	0	0	0	0					0		NULL
163	Turn Undead	General	Calling upon higher powers, you cause undead to flee from the might of your unleashed divine energy.	Channel Positive Energy class feature		You can, as a standard action, use one of your uses of channel positive energy to cause all undead within 30 feet of you to flee, as if panicked. Undead receive a Will save to negate the effect. The DC for this Will save is equal to 10 + 1/2 your cleric level + your Charisma modifier. Undead that fail their save flee for 1 minute. Intelligent undead receive a new saving throw each round to end the effect. If you use channel energy in this way, it has no other effect (it does not heal or harm nearby creatures).			PFRPG Core	0	0	0	0	0	0	0					0		NULL
164	Two-Weapon Defense	Combat	You are skilled at defending yourself while dual-wielding.	DEX 15	Two-Weapon Fighting	When wielding a double weapon or two weapons (not including natural weapons or unarmed strikes), you gain a +1 shield bonus to your AC. When you are fighting defensively or using the total defense action, this shield bonus increases to +2.			PFRPG Core	0	0	0	0	0	0	0					0		NULL
165	Two-Weapon Fighting	Combat	You can fight with a weapon wielded in each of your hands. You can make one extra attack each round with the secondary weapon.	DEX 15		Your penalties on attack rolls for fighting with two weapons are reduced. The penalty for your primary hand lessens by 2 and the one for your off hand lessens by 6. See Two-Weapon Fighting in Chapter 8.	If you wield a second weapon in your off hand, you can get one extra attack per round with that weapon. When fighting in this way you suffer a -6 penalty with your regular attack or attacks with your primary hand and a -10 penalty to the attack with your off hand. If your offhand weapon is light, the penalties are reduced by 2 each. An unarmed strike is always considered light.		PFRPG Core	0	0	0	0	0	0	0					0		NULL
166	Two-Weapon Rend	Combat	Striking with both of your weapons simultaneously, you can use them to deliver devastating wounds.	DEX 17, base attack bonus +11	Double Slice, Improved Two-Weapon Fighting, Two-Weapon Fighting	If you hit an opponent with both your primary hand and your off-hand weapon, you deal an additional 1d10 points of damage plus 1-1/2 times your Strength modifier. You can only deal this additional damage once each round.			PFRPG Core	0	0	0	0	0	0	0					0		NULL
167	Unseat	Combat	You are skilled at unseating your mounted opponents.	STR 13, 1 Ride rank, base attack bonus +1	Mounted Combat, Power Attack, Improved Bull Rush	When charging an opponent while mounted and wielding a lance, resolve the attack as normal. If it hits, you may immediately make a free bull rush attempt in addition to the normal damage. If successful, the target is knocked off his horse and lands prone in a space adjacent to his mount that is directly away from you.			PFRPG Core	0	0	0	0	0	0	0					0		NULL
168	Vital Strike	Combat	You make a single attack that deals significantly more damage than normal.	base attack bonus +6		When you use the attack action, you can make one attack at your highest base attack bonus that deals additional damage. Roll the weapon's damage dice for the attack twice and add the results together before adding bonuses from Strength, weapon abilities (such as flaming), precision-based damage, and other damage bonuses. These extra weapon damage dice are not multiplied on a critical hit, but are added to the total.			PFRPG Core	0	0	0	0	0	0	0					0		NULL
169	Weapon Finesse	Combat	You are trained in using your agility in melee combat, as opposed to brute strength.			With a light weapon, elven curve blade, rapier, whip, or spiked chain made for a creature of your size category, you may use your Dexterity modifier instead of your Strength modifier on attack rolls. If you carry a shield, its armor check penalty applies to your attack rolls.		Natural weapons are considered light weapons.	PFRPG Core	0	0	0	0	0	0	0					0		NULL
170	Weapon Focus	Combat	Choose one type of weapon. You can also choose unarmed strike or grapple (or ray, if you are a spellcaster) as your weapon for the purposes of this feat.	proficient with weapon, base attack bonus +1		You gain a +1 bonus on all attack rolls you make using the selected weapon.		You can gain this feat multiple times. Its effects do not stack. Each time you take the feat, it applies to a new type of weapon.	PFRPG Core	0	0	0	0	0	0	0					1		1
171	Weapon Specialization	Combat	You are skilled at dealing damage with one weapon. Choose one type of weapon (including unarmed strike or grapple) for which you have already selected the Weapon Focus feat. You deal extra damage when using this weapon.	proficient with weapon, 4th-level fighter	Weapon Focus	You gain a +2 bonus on all damage rolls you make using the selected weapon.		You can gain this feat multiple times. Its effects do not stack. Each time you take the feat, it applies to a new type of weapon.	PFRPG Core	0	0	0	0	0	0	0					1		1
172	Whirlwind Attack	Combat	You can strike out at every foe within reach.	DEX 13, INT 13, base attack bonus +4	Combat Expertise, Dodge, Mobility, Spring Attack	When you use the full-attack action, you can give up your regular attacks and instead make one melee attack at your highest base attack bonus against each opponent within reach. You must make a separate attack roll against each opponent. When you use the Whirlwind Attack feat, you also forfeit any bonus or extra attacks granted by other feats, spells, or abilities.			PFRPG Core	0	0	0	0	0	0	0					0		NULL
173	Widen Spell	Metamagic	You can cast your spells so that they occupy a larger space.			You can alter a burst, emanation, or spread-shaped spell to increase its area. Any numeric measurements of the spell's area increase by 100%. A widened spell uses up a spell slot three levels higher than the spell's actual level. Spells that do not have an area of one of these four sorts are not affected by this feat.			PFRPG Core	0	0	0	0	0	0	0					0		NULL
174	Wind Stance	Combat	Your erratic movements make it difficult for enemies to pinpoint your location.	DEX 15, base attack bonus +6	Dodge	If you move more than 5 feet this turn, you gain 20% concealment for 1 round against ranged attacks.			PFRPG Core	0	0	0	0	0	0	0					0		NULL
